date,store,category,sku,qty,unit_price
2026/04/18,深圳南山店,数码配件,Type-C 数据线 1m,4,38.0
2026-02-01,上海浦东店,办公用品,中性笔 12支装,,13.0
2026-02-10,深圳南山店,数码配件,65W 氮化镓充电器,2,145.0
2026-05-19,北京朝阳店,家居日用,抽纸 24包,4,40.0
2026-02-12,深圳南山店,办公用品,中性笔 12支装,5,19.0
2026/04/15,北京朝阳店,家居日用,收纳箱 60L,5,53.0
2026-05-12,上海浦东店,数码配件,Type-C 数据线 1m,4,21.0
2026/06/16,上海浦东店,办公用品,A4 复印纸 500张,7,22.0
2026-03-16,深圳南山店,家居日用,收纳箱 60L,3,46.0
2026/01/18,北京朝阳店,办公用品,中性笔 12支装,3,20.0
2026-03-10,深圳南山店,家居日用,香薰蜡烛,6,86.0
2026-01-10,深圳南山店,数码配件,Type-C 数据线 1m,1,21.0
2026-05-22,北京朝阳店,家居日用,收纳箱 60L,1,59.0
2026-06-28,北京朝阳店,数码配件,无线鼠标,7,77.0
2026-04-17,深圳南山店,数码配件,Type-C 数据线 1m,2,28.0
2026-02-14,上海浦东店,数码配件,65W 氮化镓充电器,5,183.0
2026/02/06,深圳南山店,数码配件,65W 氮化镓充电器,2,137.0
2026/01/31,北京朝阳店,办公用品,文件夹 A4,4,11.0
2026-06-19,北京朝阳店,数码配件,65W 氮化镓充电器,6,160.0
2026/03/20,上海浦东店,数码配件,Type-C 数据线 1m,5,36.0
2026-05-03,深圳南山店,办公用品,文件夹 A4,2,7.0
2026-03-19,深圳南山店,家居日用,香薰蜡烛,2,88.0
2026-06-07,上海浦东店,家居日用,香薰蜡烛,8,77.0
2026-05-09,深圳南山店,办公用品,中性笔 12支装,1,17.0
2026/06/08,北京朝阳店,数码配件,Type-C 数据线 1m,2,22.0
2026/01/01,上海浦东店,家居日用,收纳箱 60L,3,48.0
2026-05-09,深圳南山店,数码配件,无线鼠标,4,102.0
2026/06/04,上海浦东店,办公用品,A4 复印纸 500张,6,24.0
2026-05-25,北京朝阳店,办公用品,中性笔 12支装,4,15.0
2026-04-24,北京朝阳店,办公用品,A4 复印纸 500张,1,29.0
2026-05-16,深圳南山店,办公用品,A4 复印纸 500张,4,22.0
2026-05-17,北京朝阳店,家居日用,抽纸 24包,3,40.0
2026-04-11,上海浦东店,办公用品,文件夹 A4,3,7.0
2026-01-15,深圳南山店,家居日用,收纳箱 60L,1,73.0
2026-01-26,北京朝阳店,数码配件,65W 氮化镓充电器,1,169.0
2026-02-10,上海浦东店,家居日用,收纳箱 60L,3,71.0
2026/06/17,深圳南山店,家居日用,收纳箱 60L,3,73.0
2026-03-21,北京朝阳店,数码配件,Type-C 数据线 1m,4,22.0
2026-06-28,上海浦东店,家居日用,香薰蜡烛,4,80.0
2026-06-21,北京朝阳店,数码配件,65W 氮化镓充电器,4,169.0
2026-02-02,深圳南山店,家居日用,香薰蜡烛,2,64.0
2026-06-16,深圳南山店,家居日用,抽纸 24包,2,39.0
2026-06-16,北京朝阳店,办公用品,A4 复印纸 500张,3,22.0
2026-01-02,深圳南山店,数码配件,Type-C 数据线 1m,3,29.0
2026/06/13,上海浦东店,家居日用,香薰蜡烛,5,67.0
2026/01/20,深圳南山店,家居日用,收纳箱 60L,2,53.0
2026-04-16,上海浦东店,数码配件,无线鼠标,1,117.0
2026-03-16,上海浦东店,办公用品,文件夹 A4,2,7.0
2026-02-28,北京朝阳店,家居日用,抽纸 24包,1,55.0
2026/06/25,上海浦东店,数码配件,65W 氮化镓充电器,4,131.0
2026-06-27,上海浦东店,家居日用,抽纸 24包,4,41.0
2026-04-07,北京朝阳店,家居日用,香薰蜡烛,4,80.0
2026-03-16,深圳南山店,数码配件,65W 氮化镓充电器,5,178.0
2026-02-26,上海浦东店,办公用品,中性笔 12支装,2,16.0
2026-05-24,北京朝阳店,数码配件,65W 氮化镓充电器,2,169.0
2026-06-12,上海浦东店,办公用品,中性笔 12支装,2,15.0
2026-06-28,深圳南山店,数码配件,65W 氮化镓充电器,5,161.0
2026-05-19,上海浦东店,家居日用,收纳箱 60L,5,68.0
2026-01-28,北京朝阳店,家居日用,香薰蜡烛,2,87.0
2026-04-17,上海浦东店,数码配件,无线鼠标,3,86.0
2026-05-28,上海浦东店,家居日用,收纳箱 60L,1,79.0
2026-04-20,深圳南山店,办公用品,文件夹 A4,3,6.0
2026-04-14,北京朝阳店,数码配件,无线鼠标,5,119.0
2026/02/22,上海浦东店,办公用品,文件夹 A4,5,10.0
2026-06-24,北京朝阳店,数码配件,Type-C 数据线 1m,6,34.0
2026-03-13,深圳南山店,办公用品,中性笔 12支装,3,16.0
2026-01-07,上海浦东店,办公用品,A4 复印纸 500张,2,30.0
2026/02/20,深圳南山店,数码配件,65W 氮化镓充电器,4,160.0
2026/02/22,北京朝阳店,数码配件,65W 氮化镓充电器,2,140.0
2026/04/12,上海浦东店,家居日用,抽纸 24包,1,54.0
2026-03-13,上海浦东店,办公用品,文件夹 A4,4,6.0
2026/06/19,上海浦东店,数码配件,65W 氮化镓充电器,2,199.0
2026-05-13,北京朝阳店,家居日用,收纳箱 60L,4,50.0
2026-01-12,上海浦东店,办公用品,中性笔 12支装,1,17.0
2026/02/03,上海浦东店,家居日用,收纳箱 60L,4,54.0
2026-01-09,北京朝阳店,家居日用,抽纸 24包,2,52.0
2026-02-15,北京朝阳店,家居日用,香薰蜡烛,3,77.0
2026-02-26,北京朝阳店,办公用品,A4 复印纸 500张,3,26.0
2026/01/24,深圳南山店,数码配件,无线鼠标,5,124.0
2026-05-26,北京朝阳店,办公用品,文件夹 A4,6,11.0
2026-01-29,深圳南山店,办公用品,中性笔 12支装,3,19.0
2026-03-17,北京朝阳店,办公用品,A4 复印纸 500张,3,22.0
2026-06-11,深圳南山店,数码配件,65W 氮化镓充电器,4,153.0
2026-05-20,深圳南山店,数码配件,65W 氮化镓充电器,2,177.0
2026-02-12,上海浦东店,家居日用,收纳箱 60L,4,67.0
2026-02-19,深圳南山店,数码配件,65W 氮化镓充电器,1,167.0
2026-03-23,深圳南山店,办公用品,A4 复印纸 500张,2,23.0
2026-02-07,深圳南山店,数码配件,65W 氮化镓充电器,2,173.0
2026/02/20,北京朝阳店,办公用品,A4 复印纸 500张,2,29.0
2026-05-15,上海浦东店,办公用品,中性笔 12支装,4,20.0
2026-06-05,深圳南山店,数码配件,65W 氮化镓充电器,2,144.0
2026-06-30,上海浦东店,数码配件,无线鼠标,2,85.0
2026/01/10,上海浦东店,办公用品,A4 复印纸 500张,2,25.0
2026-01-13,北京朝阳店,办公用品,A4 复印纸 500张,4,28.0
2026-03-13,北京朝阳店,家居日用,收纳箱 60L,4,49.0
2026-06-28,上海浦东店,数码配件,65W 氮化镓充电器,4,166.0
2026/05/24,深圳南山店,办公用品,文件夹 A4,4,10.0
2026-01-13,上海浦东店,数码配件,65W 氮化镓充电器,1,150.0
2026-01-11,深圳南山店,数码配件,65W 氮化镓充电器,1,167.0
2026-05-23,北京朝阳店,办公用品,A4 复印纸 500张,6,25.0
2026-03-03,上海浦东店,数码配件,无线鼠标,5,73.0
2026-01-29,上海浦东店,家居日用,抽纸 24包,4,57.0
2026-04-02,上海浦东店,家居日用,抽纸 24包,6,58.0
2026/01/12,北京朝阳店,家居日用,抽纸 24包,5,42.0
2026-05-15,北京朝阳店,数码配件,65W 氮化镓充电器,4,188.0
2026-02-07,上海浦东店,家居日用,香薰蜡烛,2,66.0
2026-01-23,上海浦东店,数码配件,Type-C 数据线 1m,1,36.0
2026/05/08,上海浦东店,数码配件,65W 氮化镓充电器,4,167.0
2026-06-07,北京朝阳店,办公用品,中性笔 12支装,5,14.0
2026-01-18,上海浦东店,家居日用,收纳箱 60L,2,49.0
2026-02-18,深圳南山店,家居日用,香薰蜡烛,3,70.0
2026-06-07,上海浦东店,家居日用,抽纸 24包,3,42.0
2026/06/17,深圳南山店,办公用品,A4 复印纸 500张,5,22.0
2026-06-16,北京朝阳店,家居日用,香薰蜡烛,3,84.0
2026-06-20,北京朝阳店,办公用品,中性笔 12支装,4,13.0
2026/05/18,深圳南山店,办公用品,文件夹 A4,3,7.0
2026-06-20,上海浦东店,数码配件,65W 氮化镓充电器,4,172.0
2026/06/20,上海浦东店,办公用品,A4 复印纸 500张,3,29.0
2026-01-17,北京朝阳店,办公用品,文件夹 A4,4,11.0
2026-05-05,北京朝阳店,家居日用,收纳箱 60L,2,56.0
2026/01/22,北京朝阳店,办公用品,中性笔 12支装,3,12.0
2026-06-14,深圳南山店,家居日用,收纳箱 60L,3,51.0
2026-04-30,上海浦东店,数码配件,Type-C 数据线 1m,4,24.0
2026-03-13,北京朝阳店,数码配件,65W 氮化镓充电器,2,167.0
2026/05/17,北京朝阳店,数码配件,无线鼠标,3,112.0
2026-05-01,上海浦东店,办公用品,A4 复印纸 500张,4,28.0
2026-01-04,深圳南山店,家居日用,香薰蜡烛,2,71.0
2026-05-20,上海浦东店,办公用品,A4 复印纸 500张,4,30.0
2026-05-31,上海浦东店,办公用品,A4 复印纸 500张,1,25.0
2026-06-24,北京朝阳店,数码配件,65W 氮化镓充电器,5,135.0
2026/01/15,北京朝阳店,家居日用,收纳箱 60L,1,55.0
2026-02-28,深圳南山店,数码配件,65W 氮化镓充电器,3,131.0
2026-01-03,上海浦东店,数码配件,无线鼠标,5,124.0
2026-03-01,北京朝阳店,数码配件,Type-C 数据线 1m,2,29.0
2026-03-18,北京朝阳店,数码配件,Type-C 数据线 1m,3,22.0
2026-06-05,上海浦东店,办公用品,文件夹 A4,3,8.0
2026-04-26,上海浦东店,数码配件,Type-C 数据线 1m,3,19.0
2026/03/15,深圳南山店,数码配件,Type-C 数据线 1m,4,30.0
2026/02/05,北京朝阳店,家居日用,香薰蜡烛,3,60.0
2026-05-23,上海浦东店,家居日用,抽纸 24包,5,58.0
2026-04-01,上海浦东店,家居日用,香薰蜡烛,3,61.0
2026-04-10,深圳南山店,数码配件,65W 氮化镓充电器,7,175.0
2026-03-14,上海浦东店,办公用品,中性笔 12支装,4,16.0
2026/06/09,上海浦东店,办公用品,中性笔 12支装,3,12.0
2026-02-27,北京朝阳店,数码配件,65W 氮化镓充电器,6,130.0
2026/01/28,北京朝阳店,办公用品,中性笔 12支装,4,16.0
2026-04-22,上海浦东店,数码配件,Type-C 数据线 1m,5,30.0
2026/06/01,北京朝阳店,办公用品,A4 复印纸 500张,5,25.0
2026-06-16,北京朝阳店,家居日用,香薰蜡烛,3,99.0
2026-02-06,北京朝阳店,家居日用,香薰蜡烛,6,73.0
2026/03/01,深圳南山店,家居日用,香薰蜡烛,2,63.0
2026-04-12,上海浦东店,办公用品,文件夹 A4,5,6.0
2026-06-19,上海浦东店,家居日用,抽纸 24包,2,42.0
2026-05-13,深圳南山店,办公用品,A4 复印纸 500张,4,29.0
2026/05/01,北京朝阳店,数码配件,Type-C 数据线 1m,2,36.0
2026-05-02,北京朝阳店,办公用品,中性笔 12支装,2,17.0
2026-02-28,上海浦东店,办公用品,中性笔 12支装,2,16.0
2026-01-08,上海浦东店,家居日用,抽纸 24包,2,40.0
2026-01-23,深圳南山店,办公用品,A4 复印纸 500张,3,29.0
2026-03-09,北京朝阳店,家居日用,香薰蜡烛,5,67.0
2026-02-08,深圳南山店,家居日用,香薰蜡烛,1,94.0
2026-04-22,北京朝阳店,家居日用,香薰蜡烛,3,69.0
2026/03/22,上海浦东店,办公用品,文件夹 A4,4,6.0
2026-05-15,深圳南山店,家居日用,香薰蜡烛,1,81.0
2026-03-13,北京朝阳店,办公用品,中性笔 12支装,3,12.0
2026-04-04,深圳南山店,家居日用,抽纸 24包,3,39.0
2026-03-23,北京朝阳店,办公用品,中性笔 12支装,4,16.0
2026-06-18,北京朝阳店,数码配件,Type-C 数据线 1m,5,22.0
2026/04/19,上海浦东店,办公用品,文件夹 A4,5,7.0
2026-01-21,上海浦东店,办公用品,A4 复印纸 500张,3,29.0
2026/01/24,北京朝阳店,数码配件,无线鼠标,,71.0
2026/01/19,上海浦东店,办公用品,中性笔 12支装,2,13.0
2026-05-12,深圳南山店,家居日用,抽纸 24包,7,56.0
2026-05-18,北京朝阳店,家居日用,收纳箱 60L,3,74.0
2026/05/09,上海浦东店,办公用品,文件夹 A4,5,11.0
2026-05-22,北京朝阳店,办公用品,中性笔 12支装,3,15.0
2026-05-15,北京朝阳店,数码配件,65W 氮化镓充电器,6,193.0
2026-04-03,深圳南山店,办公用品,文件夹 A4,3,11.0
2026/01/10,上海浦东店,家居日用,香薰蜡烛,3,84.0
2026-06-14,北京朝阳店,数码配件,无线鼠标,4,96.0
2026-04-01,上海浦东店,办公用品,A4 复印纸 500张,5,30.0
2026-05-15,深圳南山店,家居日用,收纳箱 60L,2,65.0
2026-03-30,深圳南山店,办公用品,中性笔 12支装,4,19.0
2026-01-14,北京朝阳店,数码配件,无线鼠标,5,81.0
2026-04-04,北京朝阳店,家居日用,抽纸 24包,1,51.0
2026-03-12,深圳南山店,家居日用,收纳箱 60L,2,76.0
2026-06-19,北京朝阳店,家居日用,抽纸 24包,5,49.0
2026-03-08,深圳南山店,数码配件,无线鼠标,4,83.0
2026-04-10,上海浦东店,家居日用,收纳箱 60L,4,77.0
2026-03-31,深圳南山店,数码配件,Type-C 数据线 1m,4,32.0
2026-06-22,上海浦东店,家居日用,收纳箱 60L,3,53.0
2026-02-14,上海浦东店,办公用品,A4 复印纸 500张,1,26.0
2026-05-10,北京朝阳店,办公用品,中性笔 12支装,4,12.0
2026-03-02,深圳南山店,家居日用,抽纸 24包,3,42.0
2026-06-18,上海浦东店,家居日用,收纳箱 60L,1,54.0
2026-06-21,上海浦东店,办公用品,A4 复印纸 500张,3,26.0
2026/02/21,北京朝阳店,数码配件,无线鼠标,2,73.0
2026-06-14,北京朝阳店,家居日用,抽纸 24包,3,41.0
2026-06-29,深圳南山店,数码配件,无线鼠标,4,80.0
2026-02-12,深圳南山店,办公用品,A4 复印纸 500张,2,30.0
2026/06/27,上海浦东店,数码配件,Type-C 数据线 1m,5,35.0
2026-05-27,北京朝阳店,办公用品,A4 复印纸 500张,7,23.0
2026-04-18,上海浦东店,家居日用,香薰蜡烛,2,73.0
2026/06/27,北京朝阳店,家居日用,香薰蜡烛,2,86.0
2026-01-27,上海浦东店,办公用品,A4 复印纸 500张,3,27.0
2026/01/11,上海浦东店,数码配件,65W 氮化镓充电器,1,159.0
2026-04-18,上海浦东店,家居日用,抽纸 24包,1,54.0
2026-03-30,深圳南山店,家居日用,收纳箱 60L,6,47.0
2026-01-10,北京朝阳店,办公用品,A4 复印纸 500张,3,23.0
2026-02-04,上海浦东店,家居日用,收纳箱 60L,4,56.0
2026-01-31,上海浦东店,办公用品,中性笔 12支装,4,16.0
2026-06-12,上海浦东店,办公用品,中性笔 12支装,3,12.0
2026-03-22,深圳南山店,数码配件,Type-C 数据线 1m,3,24.0
2026-06-21,北京朝阳店,家居日用,收纳箱 60L,3,74.0
2026-05-30,深圳南山店,办公用品,A4 复印纸 500张,4,22.0
2026/01/01,北京朝阳店,数码配件,无线鼠标,2,83.0
2026-06-25,北京朝阳店,数码配件,65W 氮化镓充电器,4,192.0
2026-06-12,北京朝阳店,数码配件,Type-C 数据线 1m,2,24.0
2026-06-29,深圳南山店,数码配件,Type-C 数据线 1m,2,34.0
2026/04/04,上海浦东店,数码配件,Type-C 数据线 1m,5,32.0
2026-01-05,上海浦东店,家居日用,香薰蜡烛,5,87.0
2026-05-31,上海浦东店,办公用品,中性笔 12支装,4,17.0
2026-06-28,北京朝阳店,办公用品,A4 复印纸 500张,4,24.0
2026/01/21,深圳南山店,数码配件,Type-C 数据线 1m,4,32.0
2026-03-11,北京朝阳店,数码配件,Type-C 数据线 1m,3,22.0
2026/03/24,上海浦东店,办公用品,文件夹 A4,3,10.0
2026-05-16,上海浦东店,家居日用,抽纸 24包,4,43.0
2026-06-23,北京朝阳店,办公用品,文件夹 A4,5,9.0
2026-01-06,北京朝阳店,数码配件,65W 氮化镓充电器,2,146.0
2026-06-04,上海浦东店,办公用品,文件夹 A4,3,12.0
2026-02-01,北京朝阳店,家居日用,收纳箱 60L,4,60.0
2026-06-21,深圳南山店,办公用品,中性笔 12支装,5,12.0
2026-06-05,北京朝阳店,数码配件,无线鼠标,4,82.0
2026/02/20,上海浦东店,数码配件,Type-C 数据线 1m,2,39.0
2026/06/03,北京朝阳店,办公用品,文件夹 A4,5,7.0
2026-05-23,上海浦东店,办公用品,中性笔 12支装,7,17.0
2026-06-13,北京朝阳店,家居日用,抽纸 24包,6,57.0
2026-05-07,上海浦东店,家居日用,抽纸 24包,7,59.0
2026-02-07,北京朝阳店,办公用品,文件夹 A4,2,10.0
2026/04/01,上海浦东店,家居日用,香薰蜡烛,6,99.0
2026-02-19,深圳南山店,数码配件,Type-C 数据线 1m,3,36.0
2026-02-05,深圳南山店,办公用品,中性笔 12支装,2,20.0
2026-05-02,上海浦东店,数码配件,65W 氮化镓充电器,7,148.0
2026/04/03,深圳南山店,数码配件,Type-C 数据线 1m,4,37.0
2026-01-12,上海浦东店,办公用品,A4 复印纸 500张,3,27.0
2026-06-06,北京朝阳店,家居日用,香薰蜡烛,4,84.0
2026-02-08,北京朝阳店,办公用品,中性笔 12支装,1,18.0
2026-02-08,深圳南山店,办公用品,中性笔 12支装,5,17.0
2026/02/19,北京朝阳店,家居日用,香薰蜡烛,5,99.0
2026-04-21,北京朝阳店,家居日用,抽纸 24包,3,47.0
2026-05-26,上海浦东店,家居日用,抽纸 24包,3,39.0
2026-06-01,北京朝阳店,家居日用,香薰蜡烛,3,86.0
2026-06-12,上海浦东店,数码配件,无线鼠标,3,92.0
2026-02-22,深圳南山店,家居日用,抽纸 24包,2,50.0
2026/02/23,深圳南山店,数码配件,Type-C 数据线 1m,5,30.0
2026/02/18,上海浦东店,数码配件,无线鼠标,1,99.0
2026-05-06,上海浦东店,办公用品,A4 复印纸 500张,4,28.0
2026-06-24,深圳南山店,办公用品,A4 复印纸 500张,4,27.0
2026/03/28,上海浦东店,家居日用,收纳箱 60L,1,47.0
2026-02-09,上海浦东店,办公用品,中性笔 12支装,5,16.0
2026-01-06,上海浦东店,办公用品,文件夹 A4,2,9.0
2026-05-27,北京朝阳店,数码配件,无线鼠标,2,113.0
2026-01-16,北京朝阳店,数码配件,Type-C 数据线 1m,1,25.0
2026-04-17,北京朝阳店,家居日用,抽纸 24包,3,40.0
2026-05-06,北京朝阳店,家居日用,抽纸 24包,5,54.0
2026/06/01,上海浦东店,办公用品,A4 复印纸 500张,1,24.0
2026/01/13,深圳南山店,数码配件,65W 氮化镓充电器,5,154.0
2026-01-22,北京朝阳店,家居日用,抽纸 24包,1,51.0
2026-05-13,上海浦东店,办公用品,文件夹 A4,2,12.0
2026/02/05,上海浦东店,办公用品,中性笔 12支装,4,12.0
2026-03-10,上海浦东店,家居日用,香薰蜡烛,4,93.0
2026-05-23,上海浦东店,办公用品,A4 复印纸 500张,3,24.0
2026-05-06,北京朝阳店,家居日用,香薰蜡烛,1,75.0
2026/03/01,北京朝阳店,办公用品,文件夹 A4,3,9.0
2026/05/02,上海浦东店,办公用品,文件夹 A4,4,10.0
2026-02-20,上海浦东店,办公用品,文件夹 A4,3,12.0
2026-04-06,深圳南山店,办公用品,中性笔 12支装,4,19.0
2026-05-21,上海浦东店,办公用品,A4 复印纸 500张,3,30.0
2026-04-06,北京朝阳店,办公用品,A4 复印纸 500张,6,23.0
2026-01-22,上海浦东店,家居日用,收纳箱 60L,3,70.0
2026-02-12,上海浦东店,数码配件,65W 氮化镓充电器,5,140.0
2026-06-05,上海浦东店,办公用品,文件夹 A4,4,10.0
2026/06/22,深圳南山店,家居日用,香薰蜡烛,5,82.0
2026-02-11,上海浦东店,办公用品,A4 复印纸 500张,3,27.0
2026-04-15,上海浦东店,数码配件,无线鼠标,3,74.0
2026-04-04,北京朝阳店,家居日用,收纳箱 60L,4,69.0
2026-06-24,深圳南山店,数码配件,65W 氮化镓充电器,5,160.0
2026-03-15,北京朝阳店,数码配件,无线鼠标,3,97.0
2026-03-15,上海浦东店,办公用品,A4 复印纸 500张,4,22.0
2026-05-27,北京朝阳店,数码配件,65W 氮化镓充电器,5,189.0
2026-01-06,深圳南山店,家居日用,香薰蜡烛,2,70.0
2026-03-29,上海浦东店,数码配件,65W 氮化镓充电器,2,138.0
2026-04-28,上海浦东店,办公用品,A4 复印纸 500张,3,30.0
2026/06/05,深圳南山店,数码配件,无线鼠标,4,97.0
2026/05/28,深圳南山店,办公用品,中性笔 12支装,5,18.0
2026-06-16,上海浦东店,办公用品,A4 复印纸 500张,4,28.0
2026/06/22,北京朝阳店,办公用品,中性笔 12支装,1,13.0
2026/04/13,北京朝阳店,家居日用,收纳箱 60L,5,49.0
2026-05-31,上海浦东店,办公用品,中性笔 12支装,3,18.0
2026/03/24,上海浦东店,数码配件,Type-C 数据线 1m,5,24.0
2026-01-04,上海浦东店,家居日用,抽纸 24包,1,42.0
2026-03-05,北京朝阳店,家居日用,抽纸 24包,2,59.0
2026-04-22,北京朝阳店,办公用品,A4 复印纸 500张,1,29.0
2026-05-05,上海浦东店,数码配件,65W 氮化镓充电器,3,148.0
2026/03/28,北京朝阳店,数码配件,Type-C 数据线 1m,3,32.0
2026-06-25,深圳南山店,办公用品,文件夹 A4,5,12.0
2026-01-01,上海浦东店,数码配件,Type-C 数据线 1m,3,36.0
2026/03/17,深圳南山店,家居日用,抽纸 24包,4,56.0
2026/02/21,上海浦东店,家居日用,收纳箱 60L,6,78.0
2026/06/08,上海浦东店,数码配件,无线鼠标,3,69.0
2026/01/20,北京朝阳店,办公用品,文件夹 A4,1,10.0
2026-04-21,深圳南山店,数码配件,65W 氮化镓充电器,5,143.0
2026-03-13,深圳南山店,数码配件,65W 氮化镓充电器,2,165.0
2026-01-30,北京朝阳店,办公用品,A4 复印纸 500张,3,23.0
2026-01-22,上海浦东店,数码配件,无线鼠标,3,71.0
2026/03/24,深圳南山店,家居日用,抽纸 24包,1,46.0
2026-02-06,深圳南山店,数码配件,无线鼠标,6,87.0
2026-01-31,上海浦东店,家居日用,抽纸 24包,1,44.0
2026-05-28,上海浦东店,办公用品,A4 复印纸 500张,3,29.0
2026/05/25,上海浦东店,数码配件,无线鼠标,1,118.0
2026-04-18,上海浦东店,办公用品,中性笔 12支装,1,20.0
2026/03/03,深圳南山店,家居日用,抽纸 24包,4,52.0
2026-02-04,北京朝阳店,数码配件,无线鼠标,2,86.0
2026-01-30,上海浦东店,数码配件,无线鼠标,1,121.0
2026-02-27,北京朝阳店,办公用品,A4 复印纸 500张,6,29.0
2026/03/22,北京朝阳店,办公用品,A4 复印纸 500张,6,23.0
2026-06-04,北京朝阳店,办公用品,A4 复印纸 500张,4,29.0
2026-05-24,北京朝阳店,数码配件,Type-C 数据线 1m,7,24.0
2026-05-05,上海浦东店,数码配件,Type-C 数据线 1m,3,35.0
2026-05-15,上海浦东店,数码配件,Type-C 数据线 1m,4,34.0
2026-02-15,深圳南山店,家居日用,抽纸 24包,2,55.0
2026-05-25,深圳南山店,家居日用,香薰蜡烛,3,90.0
2026-03-15,深圳南山店,办公用品,中性笔 12支装,4,13.0
2026-01-04,上海浦东店,办公用品,中性笔 12支装,2,15.0
2026-03-29,上海浦东店,数码配件,65W 氮化镓充电器,5,198.0
2026/03/07,北京朝阳店,家居日用,香薰蜡烛,3,69.0
2026-01-14,深圳南山店,家居日用,香薰蜡烛,2,99.0
2026-04-09,上海浦东店,办公用品,文件夹 A4,5,9.0
2026-01-30,上海浦东店,家居日用,抽纸 24包,,46.0
2026-01-26,深圳南山店,数码配件,65W 氮化镓充电器,4,150.0
2026-06-21,上海浦东店,数码配件,65W 氮化镓充电器,2,173.0
2026-02-23,北京朝阳店,数码配件,Type-C 数据线 1m,1,29.0
2026-06-19,深圳南山店,家居日用,抽纸 24包,5,52.0
2026-01-30,北京朝阳店,家居日用,香薰蜡烛,4,71.0
2026-01-26,上海浦东店,家居日用,香薰蜡烛,1,81.0
2026/03/17,上海浦东店,家居日用,收纳箱 60L,2,76.0
2026-02-11,深圳南山店,办公用品,中性笔 12支装,1,20.0
2026/03/23,北京朝阳店,办公用品,A4 复印纸 500张,5,29.0
2026-03-12,上海浦东店,办公用品,中性笔 12支装,4,15.0
2026-03-20,深圳南山店,家居日用,收纳箱 60L,4,74.0
2026-05-12,深圳南山店,家居日用,香薰蜡烛,3,78.0
2026-02-17,上海浦东店,办公用品,文件夹 A4,3,6.0
2026-02-07,上海浦东店,家居日用,抽纸 24包,4,58.0
2026-03-26,上海浦东店,家居日用,香薰蜡烛,3,60.0
2026-04-26,上海浦东店,家居日用,香薰蜡烛,3,93.0
2026-01-25,深圳南山店,家居日用,收纳箱 60L,3,56.0
2026-05-16,北京朝阳店,家居日用,收纳箱 60L,4,58.0
2026-01-04,北京朝阳店,办公用品,文件夹 A4,2,9.0
2026/06/07,深圳南山店,办公用品,A4 复印纸 500张,2,28.0
2026-06-13,上海浦东店,家居日用,香薰蜡烛,3,65.0
2026-02-07,上海浦东店,数码配件,无线鼠标,1,129.0
2026/03/25,北京朝阳店,数码配件,Type-C 数据线 1m,5,19.0
2026-01-10,上海浦东店,办公用品,中性笔 12支装,2,20.0
2026-06-05,上海浦东店,数码配件,Type-C 数据线 1m,4,32.0
2026-06-16,北京朝阳店,数码配件,Type-C 数据线 1m,4,26.0
2026/02/07,北京朝阳店,家居日用,抽纸 24包,3,48.0
2026-02-18,深圳南山店,数码配件,Type-C 数据线 1m,2,24.0
2026/04/30,深圳南山店,家居日用,收纳箱 60L,6,74.0
2026-05-07,北京朝阳店,家居日用,香薰蜡烛,1,81.0
2026-01-26,深圳南山店,家居日用,抽纸 24包,5,41.0
2026/03/27,上海浦东店,家居日用,香薰蜡烛,3,77.0
2026/05/18,上海浦东店,家居日用,香薰蜡烛,4,77.0
2026-03-07,北京朝阳店,数码配件,Type-C 数据线 1m,3,33.0
2026-04-10,深圳南山店,办公用品,中性笔 12支装,3,20.0
2026-04-29,深圳南山店,数码配件,无线鼠标,3,79.0
2026-06-03,深圳南山店,家居日用,收纳箱 60L,4,56.0
2026-03-01,北京朝阳店,家居日用,收纳箱 60L,2,57.0
2026-02-04,深圳南山店,家居日用,香薰蜡烛,3,72.0
2026-01-15,上海浦东店,数码配件,Type-C 数据线 1m,3,22.0
2026-04-19,北京朝阳店,办公用品,A4 复印纸 500张,2,30.0
2026-06-13,深圳南山店,办公用品,中性笔 12支装,4,20.0
2026-04-15,深圳南山店,办公用品,中性笔 12支装,3,12.0
2026/01/07,北京朝阳店,家居日用,收纳箱 60L,4,74.0
2026/06/13,北京朝阳店,数码配件,Type-C 数据线 1m,3,30.0
2026-06-18,北京朝阳店,家居日用,抽纸 24包,3,45.0
2026-02-17,上海浦东店,家居日用,收纳箱 60L,2,56.0
2026/01/19,深圳南山店,家居日用,抽纸 24包,3,43.0
2026-03-02,上海浦东店,家居日用,香薰蜡烛,2,74.0
2026-05-17,深圳南山店,数码配件,无线鼠标,4,114.0
2026-06-13,北京朝阳店,办公用品,文件夹 A4,4,11.0
2026-04-18,北京朝阳店,数码配件,Type-C 数据线 1m,4,31.0
2026-01-31,深圳南山店,办公用品,文件夹 A4,2,9.0
2026-02-17,北京朝阳店,数码配件,Type-C 数据线 1m,3,34.0
2026/03/01,上海浦东店,办公用品,中性笔 12支装,3,17.0
2026/02/28,深圳南山店,数码配件,无线鼠标,2,81.0
2026-02-24,上海浦东店,家居日用,香薰蜡烛,4,65.0
2026-01-03,北京朝阳店,数码配件,无线鼠标,1,104.0
2026-05-05,北京朝阳店,家居日用,收纳箱 60L,3,79.0
2026-02-01,上海浦东店,办公用品,中性笔 12支装,2,16.0
2026-02-26,深圳南山店,数码配件,Type-C 数据线 1m,2,33.0
2026-04-10,上海浦东店,数码配件,无线鼠标,1,81.0
2026/02/28,上海浦东店,办公用品,中性笔 12支装,4,17.0
2026/04/08,深圳南山店,家居日用,香薰蜡烛,1,75.0
2026-01-14,上海浦东店,家居日用,抽纸 24包,1,40.0
2026-04-17,深圳南山店,数码配件,无线鼠标,7,70.0
2026-04-13,北京朝阳店,数码配件,65W 氮化镓充电器,1,159.0
2026/03/22,上海浦东店,家居日用,香薰蜡烛,5,68.0
2026/03/01,深圳南山店,办公用品,文件夹 A4,1,7.0
2026-02-16,上海浦东店,数码配件,Type-C 数据线 1m,4,20.0
2026/06/25,北京朝阳店,办公用品,中性笔 12支装,5,16.0
2026-06-19,上海浦东店,数码配件,Type-C 数据线 1m,4,38.0
2026-06-09,北京朝阳店,办公用品,中性笔 12支装,1,18.0
2026-06-06,北京朝阳店,数码配件,无线鼠标,2,97.0
2026/01/19,上海浦东店,家居日用,收纳箱 60L,4,47.0
2026-02-22,北京朝阳店,数码配件,Type-C 数据线 1m,2,21.0
2026-01-12,深圳南山店,办公用品,中性笔 12支装,1,20.0
2026-02-21,深圳南山店,办公用品,文件夹 A4,1,11.0
2026-06-14,深圳南山店,办公用品,文件夹 A4,6,6.0
2026/05/04,北京朝阳店,家居日用,香薰蜡烛,4,74.0
2026-02-12,北京朝阳店,数码配件,Type-C 数据线 1m,4,27.0
2026/04/15,深圳南山店,数码配件,无线鼠标,3,70.0
2026-02-28,上海浦东店,数码配件,Type-C 数据线 1m,2,39.0
2026-06-08,北京朝阳店,数码配件,65W 氮化镓充电器,3,140.0
2026/05/04,深圳南山店,家居日用,香薰蜡烛,4,94.0
2026-01-31,上海浦东店,家居日用,抽纸 24包,4,52.0
2026/01/06,上海浦东店,办公用品,A4 复印纸 500张,4,23.0
2026-01-25,北京朝阳店,家居日用,收纳箱 60L,6,79.0
2026/03/30,北京朝阳店,办公用品,文件夹 A4,6,10.0
2026-01-01,深圳南山店,数码配件,无线鼠标,1,111.0
2026/05/26,深圳南山店,数码配件,Type-C 数据线 1m,4,21.0
2026-03-07,深圳南山店,办公用品,A4 复印纸 500张,2,25.0
2026-03-06,深圳南山店,数码配件,Type-C 数据线 1m,1,35.0
2026-02-22,北京朝阳店,家居日用,香薰蜡烛,4,96.0
2026-03-26,上海浦东店,数码配件,无线鼠标,5,126.0
2026-03-19,深圳南山店,数码配件,Type-C 数据线 1m,2,32.0
2026-03-11,深圳南山店,办公用品,中性笔 12支装,1,19.0
2026/05/06,上海浦东店,家居日用,香薰蜡烛,3,82.0
2026/05/11,上海浦东店,办公用品,中性笔 12支装,2,16.0
2026-06-23,上海浦东店,家居日用,收纳箱 60L,1,65.0
2026-02-01,上海浦东店,数码配件,无线鼠标,5,81.0
2026-01-24,上海浦东店,家居日用,抽纸 24包,5,50.0
2026-01-31,上海浦东店,数码配件,无线鼠标,4,105.0
2026-01-25,深圳南山店,办公用品,A4 复印纸 500张,1,22.0
2026-03-05,北京朝阳店,办公用品,A4 复印纸 500张,3,27.0
2026-04-24,深圳南山店,家居日用,收纳箱 60L,6,70.0
2026-06-06,深圳南山店,数码配件,无线鼠标,6,86.0
2026-05-10,深圳南山店,数码配件,Type-C 数据线 1m,3,36.0
2026/04/12,深圳南山店,办公用品,文件夹 A4,4,6.0
2026/02/10,深圳南山店,家居日用,香薰蜡烛,3,66.0
2026-02-13,北京朝阳店,家居日用,收纳箱 60L,4,73.0
2026-05-17,北京朝阳店,家居日用,抽纸 24包,3,49.0
2026-01-22,上海浦东店,数码配件,65W 氮化镓充电器,1,152.0
2026/01/09,北京朝阳店,数码配件,无线鼠标,3,72.0
2026/02/14,上海浦东店,数码配件,65W 氮化镓充电器,1,142.0
2026-05-29,北京朝阳店,办公用品,中性笔 12支装,2,20.0
2026-03-07,上海浦东店,办公用品,中性笔 12支装,5,20.0
2026-01-22,深圳南山店,家居日用,抽纸 24包,3,58.0
2026/06/11,上海浦东店,办公用品,A4 复印纸 500张,3,27.0
2026/03/14,北京朝阳店,办公用品,中性笔 12支装,3,19.0
2026/01/29,北京朝阳店,数码配件,65W 氮化镓充电器,1,171.0
2026-02-21,深圳南山店,数码配件,65W 氮化镓充电器,2,189.0
2026-02-11,北京朝阳店,数码配件,无线鼠标,1,122.0
2026-02-03,上海浦东店,办公用品,A4 复印纸 500张,4,24.0
2026-03-22,上海浦东店,家居日用,收纳箱 60L,2,79.0
2026/05/08,北京朝阳店,办公用品,A4 复印纸 500张,2,25.0
2026/06/09,北京朝阳店,办公用品,文件夹 A4,2,9.0
2026-02-01,北京朝阳店,家居日用,收纳箱 60L,1,55.0
2026-02-04,北京朝阳店,数码配件,Type-C 数据线 1m,1,38.0
2026-03-04,上海浦东店,家居日用,抽纸 24包,1,59.0
2026-02-20,深圳南山店,办公用品,中性笔 12支装,5,16.0
2026-01-29,深圳南山店,家居日用,抽纸 24包,2,52.0
2026-05-20,北京朝阳店,数码配件,无线鼠标,3,77.0
2026-01-21,北京朝阳店,家居日用,收纳箱 60L,4,54.0
2026/02/15,上海浦东店,数码配件,65W 氮化镓充电器,2,167.0
2026/06/26,北京朝阳店,办公用品,文件夹 A4,3,9.0
2026-02-27,深圳南山店,办公用品,A4 复印纸 500张,5,24.0
2026-04-19,深圳南山店,家居日用,收纳箱 60L,3,74.0
2026/01/10,上海浦东店,家居日用,香薰蜡烛,1,98.0
2026-01-07,深圳南山店,数码配件,无线鼠标,2,80.0
2026-04-17,北京朝阳店,数码配件,65W 氮化镓充电器,4,189.0
2026-04-03,北京朝阳店,办公用品,A4 复印纸 500张,3,29.0
2026-02-16,深圳南山店,数码配件,Type-C 数据线 1m,4,30.0
2026-02-14,北京朝阳店,数码配件,无线鼠标,3,76.0
2026-04-15,上海浦东店,家居日用,抽纸 24包,4,49.0
2026-04-01,北京朝阳店,数码配件,65W 氮化镓充电器,3,189.0
2026-06-10,北京朝阳店,数码配件,Type-C 数据线 1m,3,27.0
2026-03-08,上海浦东店,家居日用,香薰蜡烛,2,83.0
2026-02-07,上海浦东店,家居日用,抽纸 24包,4,56.0
2026/03/01,深圳南山店,家居日用,收纳箱 60L,5,67.0
2026-02-18,北京朝阳店,办公用品,文件夹 A4,3,12.0
2026/01/30,北京朝阳店,数码配件,无线鼠标,2,120.0
2026-06-11,北京朝阳店,家居日用,香薰蜡烛,2,67.0
2026/03/16,上海浦东店,数码配件,无线鼠标,5,91.0
2026-03-12,北京朝阳店,数码配件,无线鼠标,3,92.0
2026-03-22,北京朝阳店,家居日用,香薰蜡烛,1,80.0
2026/05/01,上海浦东店,数码配件,无线鼠标,3,111.0
2026/04/09,深圳南山店,家居日用,香薰蜡烛,5,61.0
2026-02-22,深圳南山店,家居日用,抽纸 24包,1,44.0
2026/01/24,深圳南山店,办公用品,文件夹 A4,1,9.0
2026/06/03,北京朝阳店,办公用品,A4 复印纸 500张,2,29.0
2026/03/06,上海浦东店,家居日用,抽纸 24包,5,45.0
2026-03-18,深圳南山店,办公用品,文件夹 A4,1,12.0
2026/03/01,上海浦东店,家居日用,香薰蜡烛,3,95.0
2026-04-13,深圳南山店,数码配件,无线鼠标,4,121.0
2026-06-09,北京朝阳店,办公用品,文件夹 A4,6,7.0
2026-01-14,深圳南山店,办公用品,中性笔 12支装,3,18.0
2026-03-28,深圳南山店,家居日用,抽纸 24包,2,46.0
2026/04/11,上海浦东店,家居日用,香薰蜡烛,4,76.0
2026-03-02,北京朝阳店,家居日用,收纳箱 60L,3,51.0
2026-06-19,上海浦东店,办公用品,A4 复印纸 500张,2,29.0
2026-04-29,上海浦东店,家居日用,抽纸 24包,1,51.0
2026/05/19,上海浦东店,家居日用,香薰蜡烛,3,59.0
2026/03/09,上海浦东店,办公用品,文件夹 A4,2,11.0
2026-04-04,北京朝阳店,数码配件,无线鼠标,3,91.0
2026-06-27,北京朝阳店,办公用品,A4 复印纸 500张,5,27.0
2026-04-01,深圳南山店,办公用品,A4 复印纸 500张,3,29.0
2026-06-25,上海浦东店,办公用品,A4 复印纸 500张,5,29.0
2026-01-05,深圳南山店,办公用品,文件夹 A4,3,8.0
2026-02-21,深圳南山店,办公用品,中性笔 12支装,3,20.0
2026/01/18,上海浦东店,办公用品,文件夹 A4,4,6.0
2026/05/13,北京朝阳店,数码配件,65W 氮化镓充电器,2,153.0
2026-04-20,深圳南山店,数码配件,无线鼠标,5,77.0
2026-05-26,上海浦东店,家居日用,收纳箱 60L,3,53.0
2026-04-14,北京朝阳店,家居日用,香薰蜡烛,5,64.0
2026/01/28,上海浦东店,家居日用,香薰蜡烛,4,81.0
2026-05-16,上海浦东店,办公用品,文件夹 A4,3,10.0
2026-04-11,上海浦东店,办公用品,A4 复印纸 500张,4,26.0
2026-02-17,深圳南山店,办公用品,A4 复印纸 500张,3,30.0
2026-05-13,北京朝阳店,家居日用,收纳箱 60L,2,45.0
2026-02-15,北京朝阳店,办公用品,中性笔 12支装,3,12.0
2026-01-16,北京朝阳店,家居日用,抽纸 24包,1,57.0
2026-03-11,深圳南山店,办公用品,A4 复印纸 500张,4,30.0
2026-06-06,上海浦东店,数码配件,无线鼠标,5,92.0
2026-04-22,北京朝阳店,家居日用,香薰蜡烛,4,70.0
2026-02-02,深圳南山店,数码配件,Type-C 数据线 1m,1,27.0
2026/01/30,上海浦东店,家居日用,抽纸 24包,2,54.0
2026/05/02,北京朝阳店,数码配件,65W 氮化镓充电器,3,134.0
2026-02-11,北京朝阳店,数码配件,Type-C 数据线 1m,3,38.0
2026-02-28,上海浦东店,数码配件,Type-C 数据线 1m,4,31.0
2026/01/08,深圳南山店,数码配件,无线鼠标,2,100.0
2026-06-14,上海浦东店,办公用品,A4 复印纸 500张,1,30.0
2026-06-08,深圳南山店,家居日用,香薰蜡烛,3,93.0
2026-06-14,上海浦东店,办公用品,文件夹 A4,5,8.0
2026-01-28,上海浦东店,数码配件,无线鼠标,5,96.0
2026-03-12,深圳南山店,家居日用,香薰蜡烛,3,95.0
2026-03-13,上海浦东店,家居日用,香薰蜡烛,1,94.0
2026-03-24,上海浦东店,办公用品,中性笔 12支装,2,19.0
2026-02-05,上海浦东店,家居日用,香薰蜡烛,5,93.0
2026/05/04,上海浦东店,数码配件,Type-C 数据线 1m,4,33.0
2026-01-17,上海浦东店,家居日用,香薰蜡烛,3,59.0
2026-04-03,北京朝阳店,办公用品,中性笔 12支装,3,15.0
2026-06-08,上海浦东店,数码配件,Type-C 数据线 1m,1,20.0
2026-06-19,深圳南山店,数码配件,65W 氮化镓充电器,2,188.0
2026-06-28,深圳南山店,办公用品,中性笔 12支装,3,15.0
2026/01/20,上海浦东店,办公用品,A4 复印纸 500张,1,24.0
2026-02-06,上海浦东店,家居日用,香薰蜡烛,4,89.0
2026-04-05,深圳南山店,办公用品,中性笔 12支装,3,14.0
2026-06-06,上海浦东店,家居日用,抽纸 24包,2,53.0
2026-05-14,上海浦东店,家居日用,收纳箱 60L,1,48.0
2026-05-16,北京朝阳店,家居日用,抽纸 24包,2,59.0
2026-05-26,北京朝阳店,办公用品,A4 复印纸 500张,3,22.0
2026-04-08,北京朝阳店,家居日用,收纳箱 60L,3,74.0
2026-02-14,深圳南山店,办公用品,文件夹 A4,2,11.0
2026/02/14,深圳南山店,办公用品,中性笔 12支装,4,15.0
2026-06-21,深圳南山店,数码配件,65W 氮化镓充电器,4,171.0
2026-05-21,深圳南山店,家居日用,香薰蜡烛,4,99.0
2026-01-02,上海浦东店,家居日用,收纳箱 60L,6,55.0
2026/01/05,北京朝阳店,办公用品,A4 复印纸 500张,4,27.0
2026/04/18,深圳南山店,办公用品,中性笔 12支装,2,20.0
2026-04-02,北京朝阳店,数码配件,无线鼠标,1,74.0
2026-05-03,北京朝阳店,办公用品,中性笔 12支装,3,17.0
